RYZ63B10,,,,,,,ZEN WHT BRST LH BRT 10,,,,,,,090672082190,,,,,5.99,,,,,,
RYZ63A2,,,,,,,ZEN WHT BRST LH ANGULR,,,,,,,090672082145,,,,,3.99,,,,,,
RYZ63F2,,,,,,,ZEN WHT BRST LH FLAT 2,,,,,,,090672082282,,,,,3.99,,,,,,
SLST,,,,,,,LION SILICOIL TANK JAR,,,,,,,607029000174,,,,,8.15,,,,,,
DS284600119,,,,,,,WC 15ML PHTHALO,,,,,,,743162009718,,,,,17.23,,,,,,
DS284600086,,,,,,,WC 15ML QUINAC BNT ORNG,,,,,,,743162009398,,,,,21.38,,,,,,
DS284600058,,,,Prop65·,,,WC 15ML NAPLES YELLOW,,,,,,,743162009121,,,,,17.23,,,,,,
RS255146002,,,,,,,SIMPLY SIMMONS LH FAN  2,,,,,,,038372014592,,,,,4.95,,,,,,
DS284055002 ·,,,,Prop65·,,,WC GRND  40Z  TIT WHT JAR,,,,,,,743162030880,,,,,13.65,,,,,,
DEDGPM09,,,,,,,GLASS PNTMKR  IMM,,,,,,,766218054944,,,,,4.48,,,,,,
DEDA302,,,,,,,ACRYLIC· PURPLE PIZZAZZ,,,,,,,766218060310,,,,,2.28,,,,,,
DEDA263,,,,,,,D METALLIC SPLN GOLD  2oz,,,,,,,766218029638,,,,,2.48,,,,,,
DEDA539,,,,,,,AMER SATIN 2oz   BLACK TIE,,,,,,,766218065551,,,,,2.58,,,,,,
LC245B,,,,,,,VALUE PACK BRUSH SET,,,,,,,089241117265,,,,,11.65,,,,,,
KF912RE,,,,,,,FELT 9X12 RED,,,,,,,028981921015,,,,,0.45,,,,,,
PB3750FS8,,,,,,,SELECT FLAT SHADER 8,,,,,,,757063375179,,,,,7.95,,,,,,
PB3750AS037,,,,,,,SELECTANGULARSHADR,,,,,,,757063375056,,,,,7.75,,,,,,
KF912BK,,,,,,,FELT 9X12 BLACK,,,,,,,028981921046,,,,,0.45,,,,,,
GD85441,,,,Prop65·,,,HF 1oz  RAW UMBER,,,,,,,738797854413,,,,,6.89,,,,,,
GD85374,,,,,,,HF  40Z  PHTH BLUE GS,,,,,,,738797853744,,,,,20.79,,,,,,
GD85351,,,,,,,HFlOZPERMANENTGREEN,,,,,,,738797853515,,,,,7.89,,,,,,
HX345011ZC,,,,,,,PUSH PINS ASST CLR 25PK,,,,,,,3154143450110,,,,,1.10,,,,,,
HX13105,,,,,,,RING BINDER  RULER 12IN,,,,,,,079252131053,,,,,0.99,,,,,,
KF912CA,,,,,,,FELT 9Xl2 CASHMERE  TAN,,,,,,,028981921251,,,,,0.45,,,,,,
CN31074S027,,,,,,,CLRLN 300G 8. 5Xl1 PR WHT,,,,,,,3148950012463,,,,,1.20,,,,,,
PLZE21BPK6,,,,,,,CLIC WHITE VINYL ERASER,,,,,,,,072512800164,,,,2.25,,,,,,
PL50HB,,,,,,,LEAD 0.7MM HB 12PC TUBE,,,,,,,,072512007686,,,,1.19,,,,,,
RYBK618,,,,,,,BKCRNDTODDBRUSHSET,,,,,,,,090672011657,,,,5.11,,,,,,
GP940ABP                   Prop65 -,,,,,,,EARTH TONE PASTEL,,,,,,,,044974940047,,,,4.32,,,,,,
FC567100,,,,,,,PITT BLACK  4 PEN SET,,,,,,,,4005405671004,,,,13.6vl,,,,,,
PL300HB,,,,,,,LEAD 0.3MM HB 12PC TUBE,,,,,,,,072512007075,,,,2.00,,,,,,
RYSVP2,,,,,,,SN   GLD TAK SH SET l 0PCS,,,,,,,,090672050212,,,,10.49,,,,,,
RYRSETART3402,,,,,,,MINI CLRVW SKECTH SET,,,,,,,,090672083401,,,,13.49,,,,,,
RYRSETART2610,,,,,,,MINI TIN 12 WC CAKE  SET,,,,,,,,090672062666,,,,5.99,,,,,,
RYRSETART2603,,,,,,,MINI TIN SKCH PNCL/GRPHT,,,,,,,,090672062598,,,,5.99,,,,,,
RYRSETART2502,,,,,,,MINI TIN SET GRAPH SKETC,,,,,,,,090672057686,,,,8.49,,,,,,
PLPPB7,,,,,,,COLORED  LEAD 0.7MM BLUE,,,,,,,,072512032336,,,,1.59,,,,,,
PL509HB,,,,,,,LEAD 0.9MM HB 12PC TUBE,,,,,,,,072512007983,,,,1.19,,,,,,
MW611000,,,,,,,MOLOTOW 15MM MT,,,,,,,,4250397601106,,,,7.25,,,,,,
MW311000,,,,,,,MOLOTOW 4-8MM EMPTY,,,,,,,,4250397609539,,,,8.75,,,,,,
GPlO0BJ,,,,,,,BJ  BRUSH  CLEANER 1 OZ.,,,,,,,,044974100243,,,,6.17,,,,,,
CMSB6X8RFBL,,,,,,,SENSE 6X8 REF BLANK 500,,,,,,,,8716329071424,,,,6.99,,,,,,
CMFT12,,,,,,,2SIDE  FOAM TAPE 1/2,,,,,,,,9323842009712,,,,3.49,,,,,,
SA3597,,,,,,,PREMIER PENCIL 24CLR TIN,,,,,,,,070735035974,,,,50.23,,,,,,
WN6224258,,,,,,,ART CA1'.TVAS  BOARDS 8X10,,,,,,,,094376968446,,,,4.40,,,,,,
MI6402,,,,,,,BALSA SHEET  l/16X4X36,,,,,,,,091157064021,,,,3.51,,,,,,
RS255300006,,,,,,,SIS GRASS/GRAIN BRSH SET,,,,,,,,038372019160,,,,11.95,,,,,,
DS284600060,,,,,,,WC 15ML NEW GAMBOGE,,,,,,,,743162009145,,,,17.23,,,,,,
DA160029028,,,,,,,FW ACR INK 1oz  BLACK,,,,,,,,50761913,,,,8.20,,,,,,,
MI4306,,,,,,,BASSWOOD 1/4X3X24,,,,,,,,,,,,3.41,,,,,,,
VA18161,,,,,,,CLAYTOON CIRCUS COLOR,,,,,,,,031002181619,,,,3.89,,,,,,,
VA18152,,,,,,,CLAYTOON  NEON COLOR,,,,,,,,031002181527,,,,3.89,,,,,,,
CMSB4X6RDBL,,,,,,,SENSE BK SM BLNK 135 PGS,,,,,,,,8716329071318,,,,10.99,,,,,,,
CMSB6X8RDSQ,,,,,,,SENSE BK MD SQRD  135 PG,,,,,,,,8716329071332,,,,17.99,,,,,,,
CMSB6X8RDRU,,,,,,,SENSE BK MD RLD  135 PGS,,,,,,,,8716329071363,,,,17.99,,,,,,,
CMSB6X8RDBL,,,,,,,SENSE BK MDI  BLNK 135 PGS,,,,,,,,8716329071301,,,,17.99,,,,,,,
CMSB6X8FLBL,,,,,,,SENSE  FLP MD BLNK 135 PG,,,,,,,,8716329071219,,,,23.99,,,,,,,
"RT20014091 RT20013701 RC8394211 RT20013311 RT20012541 RS255510001 RS255500006 RS255400006 RS255300006 RS255267050 SYS3021144 SYS302370 RYZ63A2 RYZ63F8 RYZ63F2 RYZ63F10 WFDME8 WN2120564 SM27150 SM46015 KF912BKDS284055002               Prop65- DEDGPM09RYZ63Tl2 KF912CA DT16000 PB9144 LC245B KF912RE NW00241 NW00141",,,,,,,,,,,,,,,,,,,,,,,,,,
VGWC lOML BURNT UMBER,,,,,,,,,,,,,,8712079417826,,,,,4.95,,,,,,,
VGWC lOML PERM.RE D LT,,,,,,,,,,,,,,8712079417772,,,,,4.95,,,,,,,
ACRYLIC CLR 24 XlOML SET,,,,,,,,,,,,,,780804861860,,,,,23.19,,,,,,,
VGWC lOML MADDER LAKE,,,,,,,,,,,,,,8712079417734,,,,,4.95,,,,,,,
VGWC lOML PERM.LEMON,,,,,,,,,,,,,,8712079417611,,,,,4.95,,,,,,,
SIS SYNTH LH BRUSH SET,,,,,,,,,,,,,,038372015094,,,,,16.50,,,,,,,
SIS PURE SPRING W/C SET,,,,,,,,,,,,,,038372019252,,,,,15.50,,,,,,,
S/S ALL THE ANGLES SET,,,,,,,,,,,,,,038372019214,,,,,12.95,,,,,,,
SIS GRASS/GRAIN  BRSH SET,,,,,,,,,,,,,,038372019160,,,,,11.95,,,,,,,
S/S XL SOFT SYN FLBT 50,,,,,,,,,,,,,,038372015810,,,,,23.50,,,,,,,
SCULPEY 3 SKY BLUE 2oz,,,,,,,,,,,,,,715891111444,,,,,2.35,,,,,,,
SCULPEY 3 TRANQUILITY,,,,,,,,,,,,,,715891113462,,,,,2.35,,,,,,,
ZEN WHT BRST LH ANGU LR,,,,,,,,,,,,,,090672082145,,,,,3.99,,,,,,,
ZEN WHT BRST LH FLAT 8,,,,,,,,,,,,,,090672082312,,,,,4.99,,,,,,,
ZEN WHT BRST LH FLAT 2,,,,,,,,,,,,,,090672082282,,,,-.,3.99,,,,,,,
ZEN WHT BRST LH FLAT 10,,,,,,,,,,,,,,090672082268,,,,,5.99,,,,,,,
DRAW M EASY LIFE HEADS,,,,,,,,,,,,,,9781600580666,,,,,9.95,,,,,,,
GALERIA- RED OCHRE   60ML,,,,,,,,,,,,,,88495503 0035,,,,,5.19,,,,,,,
lOOSER BLK CHLK PAD 9Xl2,,,,,,,,,,,,,,012017271502,,,,,6.59,,,,,,,
VISUAL MIX MED 5.5X 8 PD,,,,,,,,,,,,,,012017460159,,,,,11.49,,,,,,,
FELT 9Xl2 BLACK,,,,,,,,,,,,,,028981921046,,,,,0.45,,,,,,,
WC GRND 40Z  TIT WHT JAR,,,,,,,,,,,,,,743162030880,,,,,13.65,,,,,,,
GLASS PNT MKR  lMM,,,,,,,,,,,,,,766218054944,,,,,4.48,,,,,,,
ZEN WHT BRST LH FILBRT 1,,,,,,,,,,,,,,090672082442,,,,,5.99,,,,,,,
FELT 9Xl2 CASHMERE  TAN,,,,,,,,,,,,,,028981921251,,,,,0.45,,,,,,,
16CLR OVAL W/C TAG SET,,,,,,,,,,,,,,072067160003,,,,,13.21,,,,,,,
BRUSH SET WHT TAK  5PCS,,,,,,,,,,,,,,757063918697,,,,,16.95,,,,,,,
VALUE  PACK BRUSH SET,,,,,,,,,,,,,,089241117265,,,,,11.65,,,,,,,
FELT 9Xl2 RED,,,,,,,,,,,,,,028981921015,,,,,0.45,,,,,,,
WHITE  GLASS PALETTE  9X12,,,,,,,,,,,,,,853089004397,,,,,26.95,,,,,,,
GREY GLASS PALETTE 9Xl2,,,,,,,,,,,,,,853089004359,,,,,26.95,,,,,,,
,WN2120257,,,,,,GALERIA-FLESH  TINT  60ML,,,,,,,884955029954,,,,,5.19,,,,,,,
,HX345011ZC,,,,,,PUSH PINS ASST CLR 25PK,,,,,,,3154143450110,,,,,1.10,,,,,,,
,GL850612,,,,,,FLUID WC BLOCK 6X12 HP,,,,,,,696844856127,,,,,12.81,,,,,,,
,SM27109,,,,,,lOOSER DRAWING  PAD 9X12,,,,,,,012017271090,,,,,4.35,,,,,,,
,SYS302010,,,,,,SCULPEY 3 TRANSLUCENT,,,,,,,715891110102,,,,,2.35,,,,,,,
,SYS302513,,,,,,SCULPEY 3 PURPLE 2oz,,,,,,,715891115138,,,,,2.35,,,,,,,
,SYS302063,,,,,,SCULPEY 3 BLUE  2oz,,,,,,,715891110638,,,,,2.35,,,,,,,
,SM27209,,,,,,l00SER  PAINT PAD 9X12,,,,,,,012017272097,,,,,5.25,,,,,,,
,BS587722,,,,,,MARKERS CLASSIC BRD,,,,,,,071662077228,,,,,4.29,,,,,,,
,SM105185,,,,,,lOPK PHTO FRM DIECT,,,,,,,012017701856  •,,,,,11.79,,,,,,,
,VA18152,,,,,,CLAYTOON  NEON COLOR,,,,,,,031002181527,,,,,3.89,,,,,,,
,VA18161,,,,,,CLAYTOON CIRCUS COLOR,,,,,,,031002181619,,,,,3.89,,,,,,,
,GP136EBP,,,,,,ART GUM ERASER 1X2IN,,,,,,,044974136006,,,,,1.29,,,,,,,
,DT00311,,,,,,DAS TERRA COTTA 1.lLB,,,,,,,8000144043002,,,,,7.85,,,,,,,
,BS574401,,,,,,MODEL MAGIC WHITE 4OZ,,,,,,,071662544010  •,,,,,4.49,,,,,,,
-,SYS3021209,,,,,,SCULPEY 3 BALLERINA  2oz,,,,,,,715891120927,,,,,2.35,,,,,,,
",",WN2120728,,,,,,GALERIA-WINSOR VIOL,,,,,,,094376914108,,,,,5.19,,,,,,,
:,WN2120138,,,,,,GALERIA-CERUL  BL,,,,,,,094376913941,,,,,5.19,,,,,,,
,WN2120114,,,,,,GALERIA-CD  YE PL,,,,,,,094376913910,,,,,5.19,,,,,,,
,SA4065,,,,,,PRISM W/C PNCL 24CLR TIN,,,,,,,070735040657,,,,,50.33,,,,,,,
,RS255141010,,,,,,SIMPLY SIMMONS  BRIGHT,,,,,,,038372014417,,,,,4.95,,,,,,,
",",RS255085003,,,,,,SIMPLY SIMMONS ROUND  3,,,,,,,038372018644,,,,,4.45,,,,,,,
,RS255081090,,,,,,SIMPLY SIMMONS SPOT 10/0,,,,,,,038372019580 •,,,,,4.45,,,,,,,
",",RS255057012,,,,,,SIMPLY SIMMONS ANGLE 1/8,,,,,,,038372019412,,,,,4.45,,,,,,,
;,CMSB6X8RDSQ,,,,,,SENSE BK MD SQRD  135 PG,,,,,,,8716329071332,,,,,17.99,,,,,,,
,CMSB6X8RDRU,,,,,,SENSE BK MD RLD  135  PGS,,,,,,,8716329071363,,,,,17.99,,,,,,,
,CMSB6X8RDBL,,,,,,SENSE BK MD BLNK 135 PGS,,,,,,,8716329071301,,,,,17.99,,,,,,,
,CMSB4X6RDRU,,,,,,SENSE BK SM RLD  135  PGS,,,,,,,8716329071370,,,,,10.99,,,,,,,
,DA481500811,,,,,,WIREBND  SKETCHBK 8.5Xll,,,,,,,9780737631395,,,,,18.00,,,,,,,
,DR8008158BY,,,,,,BOMBAY WHITE 1oz,,,,,,,090385480818,,,,,5.70,,,,,,,
,CMSB6X8FLBL,,,,,,SENSE FLP MD BLNK 135  PG,,,,,,,8716329071219,,,,,23.99,,,,,,,
WN2120283,,,,,,,GALE RIA-GOLD,,,,,60ML,,094376899399,,,,,6.99,,,,,,,
,,,,,,,,,,,,,,,,,,,,,,,,,,
-  CMCB12                                                              COPIC ORIG SET  12PC                                                                      95.88,,,,,,,,,,,,,,,,,,,,,,,,,,
CMSB4X6RDRU,,,,,,,SENSE BK SM RLD   135 PGS,,,,,,,"..grz i :;i igQ:;z ;i,;,:;zs--",,,,,,,,10.99,,,,
CMSB4X6FLBL,,,,,,,SENSE FLP SM BLNK 135  PG,,,,,,,.,,,,,,,,14.99,,,,
CMFT18                                                              2SIDE FOAM TAPE 3/4                    9-8    0480                          4.49,,,,,,,,,,,,,,,,,,,,,,,,,,
'   CMDST24,,,,,,,2SIDE TISS TAPE 1X55YD,,,,,,,93Ba84f!QQ&486-,,,,,,,,8.49,,,,
1-    CMDST18,,,,,,,2SIDE TISS TAPE 3/4X55YD,,,,,,,932384W6698-Q,,,,,,,,6.49,,,,
RS255081097,,,,,,,SIMPLY1SI   MMONS  SPOT 3/0,,,,,,,G&'IB'i'2e:t9597,,,,,,,,4.45,,,,,
.:... RS255057012,,,,,,,SIMPLY SIMMONS ANGLE 1/8,,,,,,,.G-383'i'2e:t902,,,,,,,,4.45,,,,,
..  AE150151,,,,,,,ETCH  CREAM 2.SOZ CDD,,,,,,,Q&5-593'1:5}§:tg,,,,,,,,10.75,,,,,
",:-- CMDST12",,,,,,,2SIDE TISS TAPE  l/2X55YD,,,,,,,93238420067  7'3-  ,,,,,,,,4.95,,,,,
",(",,,,,,,,,,,,,,,,,,,,,,,,,,,
",.   € 0 04975",,,,,,,,MS RULED CAI-HER KRFT,,,,,,,,"9""il88Slile 4Q2",,,,9.95,,,,,,,
P LPG529BP,,,,,,,,GG500 PENCIL 0.9MM CDD,,,,,,,, 51:222918'2,,,,7.09,,,,,,,
",  SA92807",,,,,,,,SCHOLAR  PENCIL 48CLR SET,,,,,,,,Q.'.Z364Q.9i8072,,,,55.92,,,,,,,
"i SA3596f RT95863345",,,,,,,,"PREMIER PENCIL 12CLR TINVG OIL PASTEL SCARLET                                                      ",,,,,,,,,,,,"25.142.45",,,,,,,
i MI6088,,,,,,,BALSA STRIP 3/8X3/8X36,,,,,,,,,,,,,,,,1.87,,,,
MI6049,,,,,,,BALSA STRIP   l/8Xl/2X36,,,,,,,8-,,,,,,,,,1.33,,,,
SKXSDK05117,,,,,,,MICRON PEN .45MM SEPIA,,,,,,,    004a H 3  ;<•H:            ,,,,,,,,,2.99,,,,
;  RYZ73R3,,,,,,,ZEN ALL MED ROUND 3,,,,,,,.WO,,,,,,,,,3.09,,,,
",... RYZ73Rl",,,,,,,ZEN ALL MED ROUND 1,,,,,,,,,,,,,,,,3.09,,,,
! RS255056100,,,,,,,8/S WC SYN FLAT WASH  lIN,,,,,,,,,,,,,,,,4.95,,,,
RS255086008,,,,,,,S/S WC SYNTH ROUND 8,,,,,,,-4,,,,,,,,,4.95,,,,
RS255086006,,,,,,,SIS WC SYNTH  ROUND 6,,,,,,,,,,,,,,,,4.95,,,
RS255086004,,,,,,,S/S WC SYNTH ROUND  4,,,,,,,,,,,,,,,,4.95,,,
RS255086002,,,,,,,SIS WC SYNTH ROUND 2,,,,,,,,,,,,,,,,4.95,,,
RC8394211,,,,,,,ACRYLIC CLR 24 XlOML SET,,,,,,,,,,,,,,,,23.19,,,
.  RS255085002,,,,,,,SIMPLY SIMMONS ROUND  2,,,,,,,    oa a:;zggrns96                ,,,,,,,,,4.45,,,
'  VA18153,,,,,,,CLAYTOON NEUTRAL,,,,,,,    e&lf)f)-2 'I::I:5-34             ,,,,,,,,,3.89,,,
.... SYS3021144,,,,,,,SCULPEY  3 SKY BLUE  2oz,,,,,,,715891111444,,,,,,,,,2.35,,,
RYZ63Fl0,,,,,,,ZEN WHT BRST LH FLAT 10,,,,,,,,,,,,,,,,5.99,,,
RYZ63Tl2,,,,,,,ZEN WHT BRST  LH FILBRT 1,,,,,,,b    692082-4>!ffi-,,,,,,,,,5.99,,,
RYZ63F8,,,,,,,ZEN WHT BRST LH FLAT 8,,,,,,,,,,,,,,,,4.99,,,
                                                                                                         . ·- ·-  -     ..                                                                                                      ,,,,,,,,,,,,,,,,,,,,,,,,,,
DR8008158BY,,,,,,,BOMBAY WHITE 1oz,,,,,,,,090385480818,,,,5.70,,,,,,,
DA160029701,,,,,,,FW ACR INK 1oz   GLD(IMIT),,,,,,,,50761937,,,,8.20,,,,,,,
AL82,,,,,,,ALEENES TACKY GLUE  4OZ,,,,,,,,017754156037,,,,2.40,,,,,,,
DUSC168,,,,,,,SCRIBBLES SUNN'Y YELLOW,,,,,,,,017754146991,,,,1.85,,,,,,,
DUSC126,,,,,,,SCRIBBLES BRT BLUE    1oz,,,,,,,,017754541260,,,,1.85,,,,,,,
DEDA526,,,,,,,AMER SATIN 2oz  BLUE,,,,,,,,766218065421,,,,2.58,,,,,,,
DEDA500,,,,,,,AMER SATIN 2oz  CTN BALL,,,,,,,,766218065162,,,,2.58,,,,,,,
DEDA225,,,,,,,ACRYLIC ULTRA  LUE,,,,,,,,766218010889,,,,2.28,,,,,,,
ey,,,,,,,,,,,,,,,,,,,,,,,,,,
DEDA071,,,,,,,"D METALLICS  GLORIOU,",,,,,,,,016455171301,,,,,,,,,,,
DEDA036,,,,,,,ACRYLIC-TRUE BLUE,,,,,,,,016455136300,,,,,,,,,,,
",   8",,,,,,,,,,,,,,,,,,,,,,,,,,
"DEDA227                                                         ACRYLIC BRIGHT YELLOW        766218011855                          2.28DEDA552                                                         AMER SATIN 2oz  MET -  ..           766218074706·DEDA195                                                         A.vl IER.BITTSWT . CHOC.               016455295304                           2.28DEDA163                                                         ACRYLIC-HONEY  BROWN           016455263303                           2.28DEDA0l                                                           ACRYLIC-TITAN.SNOW                016455101308                           2.28DEDA256                                                         ACRYLIC SEA BREEZE                 766218029034                           2.28GD85361                                                          HF 1oz  PERM VIOLET DARK     738797853614                        10.59GD85481                                                          HF 1OZ TITAN BUFF                     738797854819GD85471                                                          HF 1oz  TEAL                                   738797854710                             .59 GD85461                      Prop65-                       HF 1oz  SEPIA                                  738797854611                            .29 GD85451                      Prop65-                       HF 1oz  SAP GREEN HUE             738797854512                             .89 GD85434                      Prop65-                       HF 402  RAW SIENNA                    738797854345                    Sl  l 6. 39GD85404                                                          HF 402  QUINAC MAGENTA        738797854048                         29.59GD85561                                                          HF 1OZ TRANSP  DIOX PURPL    738797855618                          6.89GD85571                                                          HF l OZ TRAN HANSA YLW         738797855717                           6.89GD85271                                                          HF 1oz  DIARYLIDE YELLOW     738797852716                           9.59GD85244                      Prop65-                       HF 40Z CARBON BLACK              73879785244 0                          6.39GD85231                      Prop65-                       HF 1OZ BURNT SIENNA               738797852310                             .89 GD85381                                                           HF  1oz   PHTHALO GREEN BS    738797853812                             .89GD85521                                                          HF  lOZYELLOW  OXIDE               738797855212                           6.89GD85711                                                          HF 1oz  IRID COPPER FINE        738797857117                         10.59GD85701                       Prop65-                       HF 1oz  FLUORES CENT  PINK    738797857018                     (J8-39",,,,,,,,,,,,,,,,,,,,,,,,,,
,,,,,,,,,,,,,,,,,,,,,,,,,,
,,,,,,,,,,,,,,,,,,,,,,,,,,
,,,,,,,,,,,,,,,,,,,,,,,,,,
,,,,,,,,,,,,,,,,,,,,,,,,,,
HF 1oz  TRAN QUIN RED,,,,,,,,,,,,,,,73879785611.0,,,,,,,,,,,
HF 1oz  TRAN  NAP RED LT,,,,,,,,,,,,,,,738797855816,,,,,,,,,,,
SCRIB GLITTERING,,,,,,,,,,,,,,,017754543028,,,,,,,,1.85,,,
BUTTERFLIES  COLOR BOOK,,,,,,,,,,,,,,,9780486273358,,,,,,,,4.99,,,
5 1/8 POCKET COLOR WHEEL,,,,,,,,,,,,,,,088107235013,,,,,,,,4.19,,,
ART GUM ERASER 1X2IN,,,,,,,,,,,,,,,044974136006,,,,,,,,12.9,,,
COMPR  CHR WH SK STK 4/BX,,,,,,,,,,,,,,,044974958042,,,,,,,,4.29,,,
CIAO 24 P IECE'  BASIC SET,,,,,,,,,,,,,,,45113380511.91,,,,,,,,131.76,,,
2SIDE FOAM TAPE 1/2,,,,,,,,,,,,,,,9323842009712,,,,,,,,3.49,,,
2SIDE TISS TAPE l/4X55YD,,,,,,,,,,,,,,,9323842005479,,,,,,,,3.49,,,
LEARN W/C PENCIL KIT,,,,,,,,,,,,,,,044974000703,,,,,,,,15.99,,,
ASTRA NEON FX 30 TUB,,,,,,,,,,,,,,,014173332929,,,,,,,,103.20,,,
BJ BRUSH CLEANER  l/4OZ.,,,,,,,,,,,,,,,044974114004,,,,,,,,3.08,,,
GRAY SCALE VALUE  FINDER,,,,,,,,,,,,,,,088107235051,,,,,,,,3.29,,,
TRI TONE 12PCTIN SET CDD,,,,,,,,,,,,,,,014173392909,,,,,,,,27.95,,,
PALETTE   KNIFE  P6,,,,,,,,,,,,,,,090672006721,,,,,,,,6.89,,,
TRAVL EASY WD BOX OIL ST,,,,,,,,,,,,,,,090672240125,,,,,,,,13.99,,,
MAGIC PRSNL MIXING,,,,,,,,,,,,,,,088107053242,,,,,,,,11.99,,,
PALETTE,,,,,,,,,,KNIFE,,P5,,,090672006714,,,,,,,,6.89,,,
PALETTE,,,,,,,,,,KNIFE,,P3,,,090672006691,,,,,,,,6.89,,,
PALETTE,,,,,,,,,,KNIFE,,Pl3,,,090672006790,,,,,,,,6.89,,,
"GD85611.GD85581 DUSC302 DO0486273350 CW3501 GP136EBPGP958BP                     Prop65- CMIB24CMFT12 CMDST6 GP70CHFA340630 GP114BJ  CW3505 CHFA33TIN12BC RYLP6 RYRSETOIL 7000 CW5324RYLP5 RYLP3 RYLP13CO2360                         Prop65-                       CONTE CRAYON BLACK  B 2 P   079946023602                     Q-'!.49 GPEP4227                                                       ART ERASER SET 3 ASSTD          044974422734                          2.87CH329144                                                        4001 INK BRL BLACK 62.5           4012700329141                      15.00CO2350                         Prop65·                       CONTE SANG NATURAL 2PK     079946023503                            .49 GP497BPCHFA87509 CHFA87506 FC800094 RYSVP5RYSVPl                                                            SN  GLD TAK BR SET lOPCS       090672050205                        10.49CO2355                         Prop65·                       CONTE CRAYON WHITE 2B 2    079946023558                      g,-4.49",,,,,,,,,,,,,,,,,,,,,,,,,,
,,,,,,,,,,,,,,,,,,,,,,,,,,
SEMI-HEX PENCIL 4PC SET,,,,,,,,,,,,,,,044974044974,,,,3.89,,,,,,,
WOODLESS PNCL LT VERMI,,,,,,,,,,,,,,,8593539098836,,,,1.00,,,,,,,
WOODLESS PNCL LT BLUE,,,,,,,,,,,,,,,014173341860,,,,1.00,,,,,,,
WATERCOLO R PENCIL ART,,,,,,,,,,,,,,,092633805558,,,,21.95,,,,,,,
SN  WHT BRSTL SET lOPCS,,,,,,,,,,,,,,,090672050243,,,,10.49,,,,,,,
738797140028                   l!t29,,,,,,,,,,,,,,,,,,,,,,,,,,
GD14002,,,,,,,HB 2oz,,ULTRAMARINE,,,,,,,,,,,,,,,,,
GD13802,,,,,,,HB 2oz,,TITANIUM WHITE,,,,,,738797138025                            0.59,,,,,,,,,,,
GD10302,,,,Prop65-,,,HB 2oz,,BURNT UMBER,,,,,,738797103023                            0.59,,,,,,,,,,,
GD11502,,,,,,,HB 2oz,,DIOXAZINE  PURPLE,,,,,,738797115026                   oc- 16.39,,,,,,,,,,,
GD14152,,,,,,,HB 2oz,,ZINC w;HITE,,,,,,738797141520                     lJ:10.59,,,,,,,,,,,
GD10402,,,,Prop65·,,,HB 2oz,,CARBON BLACK,,,,,,738797104020,,,,,,,,,,,
GD15542,,,,Prop65-,,,HB 2oz,,CAD  YELLOW MED,,,,,,738797155428                         1035.39 9,,,,,,,,,,,
GD12002,,,,,,,HB 2oz,,MARS BLACK,,,,,,738797120020                          10.59,,,,,,,,,,,
WN2120179,,,,GALERIA-COBLT  BL,,,,,,,,,,,094376913958,,,,5.19,,,,,,,
DS284600188,,,,WC 15ML SHADOW VIOLET,,,,,,,,,,,743162028481,,,,21.38,,,,,,,
WN2120728,,,,GALERIA-WINSOR VIOL,,,,,,,,,,,094376914108,,,,5.19,,,,,,,
WN2120090,,,,GALERIA-CAD  ORG HUE,,,,,,,,,,,094376913897,,,,5.19,,,,,,,
WN2120074,,,,GALERIA- BURNT,,,,,,,,,,,094376913873,,,,5.19,,,,,,,
"WN2120386                                                        GALERIA-MARS  BLACK                094376913972                            5.19I",,,,,,,,,,,,,,,,,,,,,,,,,,
WN2120644                                                        GALERIA-TITANIUM WH              094376914061,,,,,,,,,,,,,,,,,,,,5.19,,,,,,
"WN2120502                                                        GALERIA  -P E RM ROSE    60ML     094376914023                            5.19WN2120114                                                        GALERIA-CD  Y(E PL                        094376913910                            5.19WN2120076                                                        GALERIA- BURNT UMBER            094376913880                            5.19WN2120138                                                        GALERIA-CERfJL BL                      094376913941                            5.19WN2120283                                                        GALERIA  -GOLD         60ML            094376899399                            6.99WN2120331                                                        GALERIA-IVORY BLACK               094376899504                            5.19WN2120541                                                        GALERIA PRUS BLUE                    094376972283                            5.19WN2120437                                                        GALERIA PALE TERRAC               094376971583                            5.19WN2120435                                                        GALERIA PALE  OLIVE 60ML       094376971569                            5.19",,,,,,,,,,,,,,,,,,,,,,,,,,
,,,,,,,,,,,,,,,,,,,,,,,,,,
"WN2120415                                                        GALERIA MIXING WHT  60ML    094376971606WN2136644                                                        GAL ACRY 200ML                            094376940770",,,,,,,,,,,,,,,,,,,,"5.1911.49",,,,,,
"RT95861005                                                       VG OIL PASTEL WHITE                 8712079093938                          2.45RT95862355                                                       VG OIL PASTEL ORANGE             8712079094218                          2.45RT20014091                                                       VGWC  lOML BURNT UMBER       8712079417826                          4.95RT20013661                                                       VGWC  lOML QUINAROSE             8712079417765                          4.95RT20013311                                                       VGWC  lOML MADDER LAKE       8712079417734                          4.95",,,,,,,,,,,,,,,,,,,,,,,,,,
RT20017011,,,,,,"IVGWC  lOML IVORY BLACK         8712079418083",,,,,,,,,,,,,,,4.95,,,,,
,,,,,,,".._, .._, ._..       .._            V.i.V.l..t..",,,,,,,,U.LV,,,,"n•1.  ,:, u   , 1.",,,,,,,
RT20015701,,,,,,,VGW C lOML PHTHALO  BLUE,,,,,,,,8712079417956,,,,4.95,,,,,,,
RT20016161,,,,,,,VGWC  lOML VIRIDIAN,,,,,,,,8712079417987,,,,4.95,,,,,,,
WN2120564,,,,,,,GALERIA-RED  OCHRE  60ML,,,,,,,,884955030035,,,,5.19,,,,,,,
WN2120257,,,,,,,GALERIA- FLESH TINT  60ML,,,,,,,,884955029954,,,,5.19,,,,,,,
DS284600225,,,,,,,WC 15ML QUINAC PURPLE,,,,,,,,743162030408,,,,,,,,,21.38,,
DS284600198,,,,,,,WC 15ML OP ERA-PINK,,,,,,,,743162029051,,,,,,,,,17.23,,
DS284600041,,,,,,,WC 15ML HANSA YELLOW LT,,,,,,,,743162008957,,,,,,,,,17.23,,
D8284600138,,,,,,,WC 15ML LAPIS LAZULI  GEN,,,,,,,,743162014767,,,,,,,,,32.54,,
DS284600114,,,,,,,WC 15ML YELLOW OCHRE,,,,,,,,743162009664,,,,,,,,,17.23,,
DS284600103,,,,,,,WC 15ML SEPIA,,,,,,,,743162009565,,,,,,,,,17.23,,
DS284600096,,,,,,,WC 15ML RAW SIENNA,,,,,,,,743162009497,,,,,,,,,17.23,,
DS284600091,,,,,,,WC 15ML QU INAC RED,,,,,,,,743162 009442,,,,,,,,,21.38,,
DS284600090,,,,,,,WC 15ML QUINAC MAGENTA,,,,,,,,743162009435,,,,,,,,,21.38,,
DS284600065,,,,,,,WC 15ML PAYNES GRAY,,,,,,,,743162009190,,,,,,,,,17.23,,
D8284600060,,,,,,,WC 15ML NEW GAMBOGE,,,,,,,,743162009145,,,,,,,,,17.23,,
D8284600197,,,,,,,WC 15ML GRN APATITE  GEN,,,,,,,,743162028818,,,,,,,,,23.07,,
GB1890,,,,,,,ARTIST 37ML RADIANT WHT,,,,,,,,729911118900,,,,,,,,,13.50,,
GB7360,,,,,,,1980 IVORY BLACK 37ml,,,,,,,,729911173602,,,,,,,,,6.95,,
GB7060,,,,,,,1980 BURNT SlENNA 37ML,,,,,,,,729911170601,,,,,,,,,6.95,,
GB7020,,,,,,,1980 ALIZ  CRIMSON 37ML,,,,,,,,729911170205,,,,,,,,,7.95,,
GB6810,,,,,,,1980 TITANWHITE 150ML,,,,,,,,729911168103,,,,,,,,,15.95,,
GB6430,,,,,,,1980 MARS BLACK 150ml,,,,,,,,729911164303,,,,,,,,,15.95,,
GB2810,,,,,,,ARTIST 150ML TITANIUM,,,,,,,,729911128107,,,,,,,,,,,
GB2700,,,,,,,ARTIST 150ML ULTRAMAR,,,,,,,,729911127001,,,,,,,,,,,
GB2360,,,,,,,ARTIST 150ML IVORY BLACK,,,,,,,,729911123607,,,,,,,,,,,
GB1910,,,,,,,ARTIST 37ML COPPER,,,,,,,,729911119105,,,,,,,,,,,
GB1865,,,,,,,ARTIST 37ML  RADIANT,,,,,,,,729911118658,,,,,,,,,3.50,,
GB1740,,,,,,,ARTIST 37ML VIRIDIAN,,,,,,,,729911117408,,,,,,,,,,,
GBl 730,,,,,,,ARTIST 37ML VENETIAN,,,,,,,,729911117309,,,,,,,,,1.00,,
GB1551,,,,,,,ARTIST 37ML PORT GREY LT,,,,,,,,729911115510,,,,,,,,,13.50,,
GB1430,,,,,,,ARTIST  37ML MARS BLACK,,,,,,,,729911114308,,,,,,,,,,,
GB1140,,,,Prop65-,,,ARTIST 37ML CAD RED LIGH,,,,,,,,729911111406,,,,,,,,,,,
.J....J'CO\...J.l.l;!Ll.UJ.J.                                                                                U.l\..J                                                .iVl.Uil.J.,,,,,,,,,,,,,,,,,,,,,,,,,,
DS284600023,,,Prop65·,,,,WC 15ML CHINESE  WHITE,,,,,,,,743162008773                         17.23,,,,,,,,,,,
GB1940,,,,,,,ARTIST 37ML SILVER,,,,,,,,729911119402                     (/2  6.0 0,,,,,,,,,,
DS284600010,,,,,,,WC 15ML BURNT SIENNA,,,,,,,,743162008650                         17.23,,,,,,,,,,
DS284600004,,,,,,,WC 15ML ALIZARIN,,,,,,,,743162008599                          17.23,,,,,,,,,,
GB7720,,,,,,,1980 VAN DYKE BROWN,,,,,,,,729911177204                            6.95,,,,,,,,,,
MG11180,,,,,,,TITAN WHT  37N1L OIL COLOR,,,,,,,,"766383111800                 ""t'"""""" 11.25",,,,,,,,,,
GB7530,,,,,,,1980 PHTHALO  BLUE 37ML,,,,,,,,729911175309                            7.95,,,,,,,,,,
MG36180,,,,,,,TITANIUM  WH 15ML,,,,,,,,766383361809                          10.09,,,,,,,,,,
GD15742,,,,,,,HB 2oz   LT  BIZM YELLOW,,,,,,,,738797014978                            3.39,,,,,,,,,,
GB7810,,,,,,,1980 TITANIUM WHITE 37ML,,,,,,,,729911178102                            6.95,,,,,,,,,,
GB7780,,,,,,,1980 YELLOW OCHRE  37ML,,,,,,,,729911177808                            6.95,,,,,,,,,,
GB7700,,,,,,,1980 ULTRA BLUE  37ML,,,,,,,,729911177006                            7.95,,,,,,,,,,
DS284600042,,,,,,,WC 15ML HOOKERS GREEN,,,,,,,,743162008964                          17.23,,,,,,,,,,
LQ1046276,,,,,,,BASICS 4OZ MARS BLACK,,,,,,,,094376922417                            7.99,,,,,,,,,,
LQ1045230,,,,,,,HB 2oz   IRID RICH COPPER,,,,,,,,094376921632                      C:)(2.79,,,,,,,,,,
LQ1046236,,,,,,,BASICS 4OZ SILVER,,,,,,,,094376922400                            7.99,,,,,,,,,,
LQ1046116,,,,,,,BASICS 4OZ ALIZ CRIM HP,,,,,,,,094376922318                            7.99,,,,,,,,,,
LQ1045430,,,,,,,HB 2oz   TRANS MIXING WHT,,,,,,,,094376922035                          10.29,,,,,,,,,,
LQ1046160,,,,,,,BASICS 4OZ CAD YLLW  LT H,,,,,,,,094376922356                            7.99,,,,,,,,,,
LQ1046316,,,,,,,BASICS 4OZ PHTHALO BLUE,,,,,,,,094376922448                            7.99,,,,,,,,,,
LQ1046380,,,,,,,BASICS 4OZ ULTRA BLUE,,,,,,,,094376922493                            7.99,,,,,,,,,,
LQ1046311,,,,,,,BASICS 4OZ  CAD RED DP  H,,,,,,,,094376922424                            7.99,,,,,,,,,,
LQ1046432,,,,,,,BASICS 4OZ TITANIUM  WHT,,,,,,,,094376922516                            7.99,,,,,,,,,,
LQ1046170,,,,,,,BASICS 4OZ  COBALT BL HUE,,,,,,,,094376922370                            7.99,,,,,,,,,,
LQ1046470,,,,,,,BASICS 4OZ  CER  BLUE  HUE,,,,,,,,094376922523                            7.99,,,,,,,,,,
LQ1046161,,,,,,,BASICS 4OZ CAD YLLW MD  H,,,,,,,,094376922363                            7.9,,,,,,,,,,
LQ1046330,,,,,,,BASICS 4OZ RAW SIENNA,,,,,,,,094376922462                            7.9,,,,,,,,,,
LQ1046317,,,,,,,BASICS 4OZ  PHTHALO GRN,,,,,,,,094376922455                            7.9,,,,,,,,,,
LQ1046151,,,,,,,BASICS 4OZ CAD RD MD H,,,,,,,,094376922349                             7.9,,,,,,,,,,
LQ1046434,,,,,,,BASICS 4OZ UNBLCH TITAN,,,,,,,,094376974652                             7.9,,,,,,,,,,
LQ1046391,,,,,,,BASICS 4OZ PRISM VIOLET,,,,,,,,094376974645                            7.9,,,,,,,,,,
LQ1046601,,,,,,,BASICS 4OZ  NAPLES,,,,,,,,094376974584                             7.9,,,,,,,,,,
"                                                                                                                                                                                                                                                                                                                                                              J.•  J..""-'   L  '- J..               2.7910.2910.2910.29",,,,,,,,,,,,,,,,,,,,,,,,,
LQ1045470,,,,HB2O2CERULEANBLUE,,,,,,,,,,,094376922080,,,,,,,,,,,
LQ1045316,,,,HB 202   PHTHALO  BLUE  (GS),,,,,,,,,,,094376921854,,,,,,,,,,,
LQ1045127,,,,HB 202  BURNT SIENNA,,,,,,,,,,,094376921427,,,,,,,,,,,
LQ1045330,,,,HB 202  RAW SIENNA,,,,,,,,,,,094376921892,,,,,,,,,,,
LQ1045292,,,,HB 202   NAPHTHOL,,,,,,,,,,,094376921786,,,,,,,,,,,
L Q1045244  _,,,,,,,HB 202,,IVORY BLACK,,,,,,094376921755,,,,,,,,,,,
LQ1045432,,,,,,,HB 202,,TITANIUM WHITE,,,,,,094376922042,,,,,,,,,,,
LQ1045312,,,,,,,HB 202,,LIGHT GREEN PERM,,,,,,094376921830,,,,,,,,,,,
LQ1045391,,,,,,,HB 2oz,,PRISM VIOLET,,,,,,094376921960,,,,,,,,,,,
LQ1045170,,,,Prop65·,,,HB 2oz,,COBALT BLUE,,,,,,094376921557,,,,,,,,,,,
&   .2  79,,,,,,,,,,,,,,,,,,,,,,,,,,
"0.2910.2912.79Q-'1 2.7919.99LQ1046420                                                         BASICS 4OZ PRIMARY BLUE       094376931242                            7.99LQ1045116                                                         HB 2oz   ALI2 CRIM HUE PRM     094376921397                      0' 12 . 79LQ1046410                                                         BASICS 4OZ PRIMARY YLLW      094376931228                      ·    7.99LQ1046415                                                         BASICS 4OZ PRIMARY RED         094376931235                            7.99LQ1046244                                                         BASICS 4OZ IVORY BLACK          094376930719                            7.99LQ1045894 LQ1045893 LQ1045892 LQ1045890 SK30063 SP94151 SA4065SA27048                        Prop65- SP9484SA3597 SA70531 TB56621 SA70532 SK31031 SK30062 SKXSDK0849SP2964",,,,,,,,,,,,,,,,,,,,,,,,,,
,,,,,,,,,,,,,,,,,,,,,,,,,,
HB 2oz,,,,,,,,,CAD FREE RED MED,,,,,,887452997252,,,,21.49,,,,,,,
HB 2oz,,,,,,,,,CAD FREE RED LT,,,,,,887452997245,,,,"()""21.49",,,,,,,
HB 2oz,,,,,,,,,CAD FREE ORANGE,,,,,,887452997238,,,,19.99,,,,,,,
HB 2oz,,,,,,,,,CAD FREE YEL MED,,,,,,887452997214,,,,15.49,,,,,,,
MICRON 01 SET  6 COLOR,,,,,,,,,,,,,,,053482300632,,,,17.99,,,,,,,
.    SPEEDBAl'.L HOLDER CDD,,,,,,,,,,,,,,,651032941511,,,,2.50,,,,,,,
PRISM W/C PNCL 24CLR TIN,,,,,,,,,,,,,,,070735040657,,,,50.33,,,,,,,
NUPASTELSET12COLOR,,,,,,,,,,,,,,,070530270488,,,,21.56,,,,,,,
C-2 TWIN PACK CDD,,,,,,,,,,,,,,,651032094842,,,,5.26,,,,,,,
PREMIER PENCIL 24CLR TIN,,,,,,,,,,,,,,,070735035974,,,,50.23,,,,,,,
KNEADED  ERASER LARGE,,,,,,,,,,,,,,,,,,,1.30,,,,,,,
"DUAL BRUSH  BLACK  Nl5I",,,,,,,,,,,,,,,085014566216,,,,3.19,,,,,,,
KNEADED  ERASER X LARGE,,,,,,,,,,,,,,,,,,,2.08,,,,,,,
GELLY ROLL CLASSIC  B,,,,,,,,,,,,,,,084511310315,,,,1.49,,,,,,,
MICRON SET  OF 6 BLACK,,,,,,,,,,,,,,,053482300625,,,,17.99,,,,,,,
MICRON PEN  .50MM BLACK,,,,,,,,,,,,,,,08 4511 318335,,,,2.99,,,,,,,
HUNT SKETCHING SET,,,,,,,,,,,,,,,651032029646,,,,10.20,,,,,,,
SP2962                                                             ARTISTS PEN NUMBER 5 SET   651032029622,,,,,,,,,,,,,,,,,,,.   -        -   ··-,,,,,,,
"SKXSDK0549 SK30061 TB56170 SKXSDK0349 SKXSDK0249 SKXSDK0149 SKXSDK00549 SKXBR43 SKXSDK349 SKXSDK149 SKXSDK249 SKXSDKBR49 MS52650 SA92805 SP2514 TB56608 SH96330 TB56609 TB56551 TB56618 SP9488  SP9487  SA2272 SA2263 TB56587 SH96340 TB56575 SH96320 SA24230 TB56616TB56620",,,,,,,,,,,16.90,,,,,,,,,,,,,,,
,,,,,,,,,,,,,,,,,,,,,,,,,,
MICRON PEN .45MM BLACK,,,,,,,,,,,,,,,084511306448,,,,2.99,,,,,,,
MICRON SET OF 3 BLACK,,,,,,,,,,,,,,,053482300618,,,,8.99,,,,,,,
lOCLR DUALPORTRAIT SET,,,,,,,,,,,,,,,085014561709,,,,26.99,,,,,,,
MICRON PEN .35MM BLACK,,,,,,,,,,,,,,,084511306400,,,,2.99,,,,,,,
MICRON PEN .30MM BLACK,,,,,,,,,,,,,,,084511318373,,,,2.99,,,,,,,
MICRON PEN .25MM BLACK,,,,,,,,,,,,,,,084511306363,,,,2.99,,,,,,,
MICRON PEN .20MM BLACK,,,,,,,,,,,,,,,084511318410,,,,2.99,,,,,,,
KOI CLR BRSH PRUSS BLUE,,,,,,,,,,,,,,,084511393356,,,,2.49,,,,,,,
PIGMA GRAPr-h  c  3.oMM BLK,,,,,,,,,,,,,,,084511366237,,,,2.99,,,,,,,
PIGMA GRAPMIC  lMM BLK,,,,,,,,,,,,,,,084511366152,,,,2.99,,,,,,,
PIGMA GRAPHIC 2.00MM,,,,,,,,,,,,,,,084511366190,,,,2.99,,,,,,,
PIGMA BRUSH BLACK,,,,,,,,,,,,,,,084511352087,,,,2.99,,,,,,,
MARS WHT PLASTIC ERASER,,,,,,,,,,,,,,,031901907983,,,,1.75,,,,,,,
SCHOLAR PENCIL 24CLR SET,,,,,,,,,,,,,,,073640928058,,,,27.98,,,,,,,
ELE WRITER XF BLACK  CDD,,,,,,,,,,,,,,,651032025143,,,,2.26,,,,,,,
DUAL BRUSH SCARLET  925,,,,,,,,,,,,,,,085014566087,,,,3.19,,,,,,,
INK JET  BLACK CDD CARTRI,,,,,,,,,,,,,,,074040963304,,,,6.50,,,,,,,
DUAL BRUSH ORANGE 933,,,,,,,,,,,,,,,085014566094,,,,3.19,,,,,,,
DUAL BRUSH PROC BLUE,,,,,,,,,,,,,,,085014565516,,,,3.19,,,,,,,
DUAL BRUSH LIT OCHRE 991,,,,,,,,,,,,,,,085014566186,,,,3.19,,,,,,,
107 TWIN PACK CDD,,,,,,,,,,,,,,,651032094880,,,,3.83,,,,,,,
101 TWIN PACK CDD,,,,,,,,,,,,,,,651032094873,,,,3.83,,,,,,,
TURQUOISE  DRAW PENCIL,,,,,,,,,,,,,,,070735022721,,,,1.61,,,,,,,
TURQUOISE  DRAW  PENCIL,,,,,,,,,,,,,,,070735022639,,,,1.61,,,,,,,
DUAL BRUSH BLUSH   772,,,,,,,,,,,,,,,085014565875,,,,3.19,,,,,,,
INK RED CDD CARTRIDGES,,,,,,,,,,,,,,,074040963403,,,,6.50,,,,,,,
DUAL BRUSH ORCHID 673,,,,,,,,,,,,,,,085014565752,,,,3.19,,,,,,,
INK BLUE CDD CARTRIDGES,,,,,,,,,,,,,,,074040963205,,,,6.50,,,,,,,
TURQUOISE  DRAW PENCIL,,,,,,,,,,,,,,,070735242303,,,,1.61,,,,,,,
DUAL BRUSH  CHR YELLW,,,,,,,,,,,,,,,085014566162,,,,3.19,,,,,,,
DUAL BRUSH  CHR ORANE,,,,,,,,,,,,,,,085014566209,,,,3.19,,,,,,,
RYZ73TC12,,,,,ZEN ALL MED FLB COMB  1/2,,,,,,,,,,090672081711,,,,5.19,,,,,,
RYZ73CB4,,,,,ZEN ALL MED CHISL BLND 4,,,,,,,,,,090672081506,,,,3.09,,,,,,
RYZ73SP100,,,,,ZEN ALL MED SPOTTER 10/0,,,,,,,,,,090672081292,,,,2.59,,,,,,
RYZ73S6,,,,,ZEN ALL MED FLAT SHDR 6,,,,,,,,,,090672081155,,,,4.19,,,,,,
RYZ73S2,,,,,ZEN ALL MED FLAT SHDR 2,,,,,,,,,,090672081131,,,,3.09,,,,,,
RYZ73R4,,,,,ZEN ALL MED ROUND 4,,,,,,,,,,090672081353,,,,3.09,,,,,,
RYZ73R2,,,,,ZEN ALL ME:!J  ROUND 2,,,,,,,,,,090672081339,,,,3.09,,,,,,
RYZ73LO,,,,,ZEN ALL MED LINER 0,,,,,,,,,,090672081599,,,,2.59,,,,,,
RYZ63Al0,,,,,ZEN WHT BRST LH ANGLR 10,,,,,,,,,,090672082138,,,,5.99,,,,,,
RYZ73RO,,,,,ZEN ALL MED ROUND 0,,,,,,,,,,090672081315,,,,2.59,,,,,,
RYZ73W34,,,,,ZEN ALL MED WASH 3/4,,,,,,,,,,090672081223,,,,5.19,,,,,,
UC480SF5,,,,,CHALK BLD MARKER  FLR,,,,,,,,,,028617481159,,,,3.49,,,,,,
UC480SF3,,,,,CHALK BLD MARKR FLR,,,,,,,,,,028617481135,,,,3.49,,,,,,
UC480S5,,,,,CHALK BOLD MARKER,,,,,,,,,,028617481357,,,,3.49,,,,,,
TB56511,,,,,DUAL BRUSH JADE GRN 379,,,,,,,,,,085014565110,,,,3.19,,,,,,
RYZ73SP50,,,,,ZEN ALL MED SPOTTER 5/0,,,,,,,,,,090672081285,,,,2.59,,,,,,
RYZ63Tl,,,,,ZEN WHT BRST LH FILBT 1,,,,,,,,,,090672082428,,,,2.99,,,,,,,,,,,
RYZ63R6,,,,,ZEN WHT BRST LH ROUND 6,,,,,,,,,,090672082404,,,,4.99,,,,,,,,,,,
RYZ63R4,,,,,ZEN WHT BRST LH ROUND 4,,,,,,,,,,090672082398,,,,3.99,,,,,,,,,,,
RYZ63R2,,,,,ZEN WHT BRST LH ROUND 2,,,,,,,,,,090672082381,,,,3.99,,,,,,,,,,,
RYZ63Rl,,,,,ZEN WHT BRST LH ROUND 1,,,,,,,,,,090672082350,,,,2.99,,,,,,,,,,,
RYZ63FB2,,,,,ZEN WHT BRST LH FAN 2,,,,,,,,,,090672082329,,,,3.99,,,,,,,,,,,
RYZ63F12,,,,,ZEN WHT BRST LH FLAT 12,,,,,,,,,,090672082275,,,,5.99,,,,,,,,,,,
RYZ63B4,,,,,ZEN WHT BRST LH BRT 4,,,,,,,,,,090672082220,,,,3.99,,,,,,,,,,,
RYZ63Bl,,,,,ZEN WHT BRST LH BRIGHT 1,,,,,,,,,,090672082183,,,,2.99,,,,,,,,,,,
RYZ63A8,,,,,ZEN WHT BRST LH ANGULR,,,,,,,,,,090672082176,,,,4.99,,,,,,,,,,,
RYZ63A6,,,,,ZEN WHT BRST LH ANGULR,,,,,,,,,,090672082169,,,,4.99,,,,,,,,,,,
RYZ63A4,,,,,ZEN WHT BRST LH ANGULR,,,,,,,,,,090672082152,,,,3.99,,,,,,,,,,,
SA32201,,,,,SHRPI TWNTP MRKR BLCK,,,,,,,,,,071641322011,,,,3.00,,,,,,,,,,,
"SA36701                                                           SHARP RT FINE BLACK               071641367012                           3.86SA30052                                                           SHARPIE  MRKR FINE RED         071641300521                          1.67SA2172                                                             TURQUOISE  LEAD F 12/TRY       NA                                   ,(   ¥  17.63",,,,,,,,,,,,,,,,,,,,,,,,,,,,,,
"CN100511215                                                     GLASSINE  PPR  24X36 WHITEDA481501114                                                     WIREBND  SKETCHBOOK",,,,,,,,,,,,,,,,,,,,,,,,,,,,,9780737631401,"1.80f;)--s28.  0 0"
CMSB6X8RFBL                                                SENSE 6X8 REF  BLANK 500,,,,,,,,,,,,,,,,,,,,,,,,,,,,,8716329071424,6.99
CMSB6X8FLSQ                                                SENSE FLP  MD SQRD  135 P,,,,,,,,,,,,,,,,,,,,,,,,,,,,,8716329071240,23.99
CMSB4X6RFBL                                                SENSE  4X6 REF  BLANK 600,,,,,,,,,,,,,,,,,,,,,,,,,,,,,8716329071455,3.99
CN31074S047                                                    CLRLN 300G 8.5Xl l  NUT,,,,,,,,,,,,,,,,,,,,,,,,,,,,,3148950013569,1.20
CMSB4X6RDSQ                                               SENSE BK SM SQRD  135 PG,,,,,,,,,,,,,,,,,,,,,,,,,,,,,8716329071349,10.99
AP1795092                                                         AR WC CP  PAD 140 NW 9Xl2,,,,,,,,,,,,,,,,,,,,,,,,,,,,,3700417134806,24.05
CC07162                                                              MS RULED  NTBK SC  5X8.25,,,,,,,,,,,,,,,,,,,,,,,,,,,,,9788883707162,19.95
CC04987                                                              MS RLD  CAHIER KRFT LG 3P,,,,,,,,,,,,,,,,,,,,,,,,,,,,,9788883704987,14.95
CC04895                                                              MS RULED  CAHIER BLK 3PK,,,,,,,,,,,,,,,,,,,,,,,,,,,,,9788883704895,9.95
CB1200012                                                         RENDR DRAW PAD 9Xl2,,,,,,,,,,,,,,,,,,,,,,,,,,,,,09392418 2983,3  .99
CB1200010,,,,,,,RENDR SKETCHBK  5.5X 8.5,,,,,,,,09392 4182969,,,,,,,,,,,,,,,
CN100510864,,,,,,,PASTEL MI-TEINT 9Xl2 PAD,,,,,,,,3148955724224,,,,,,,,,,,,,,,
CN31074S026,,,,,,,CLRLN 300G 8.5Xll WHITE,,,,,,,,3148950012432,,,,,,,,,,,,,,,
CN31074S028,,,,,,,CLRLN 300G 8.5Xll CREAM,,,,,,,,3148950012609,,,,,,,,,,,,,,,
CN31074S029,,,,,,,CLRLN 300G  8.5Xl l  CN YLW,,,,,,,,3148950012913,,,,,,,,,,,,,,,
CN31074S032,,,,,,,CLRLN 300G 8.5Xl1 R PETL,,,,,,,,3148950012999,,,,,,,,,,,,,,,
CN31074S041,,,,,,,CLRLN  300G 8.5Xll ULTRAM,,,,,,,,3148950013392,,,,,,,,,,,,,,,
CN31074S045,,,,,,,CLRLN  300G 8.5Xll K GRN,,,,,,,,3148950013514,,,,,,,,,,,
CN31074S048,,,,,,,CLRLN 300G 8.5Xll   L GREY,,,,,,,,3148950013583,,,,,,,,,,,
LI870900B,,,,,,,BONE FOLDER SMALL,,,,,,,,099295532785,,,,,,,,,,,
SKXLP16,,,,,,,EXPRESS OIL PASTELS 16,,,,,,,,084511372337,,,,,,,,,,,
SKXEP12,,,,,,,JR ARTIST OIL  PASTELS 12,,,,,,,,084511372382,,,,,,,,,,,
LI9871001,,,,,,,BEESWAX  l  OZ,,,,,,,,099295532587,,,,,,,,,,,
QT804526,,,,,,,CHALKBOARD  ERASER,,,,,,,,034138045268,,,,,,,,,,,
PLPHN36,,,,,,,OIL PASTELS 36 COLOR SET,,,,,,,,072512009000,,,,,,,,,,,
PLPHN25,,,,,,,OIL PASTELS 25 COLOR SET,,,,,,,,072512008973,,,,,,,,,,,
PLPHN12,,,,,,,OIL PASTELS 12 COLOR SET,,,,,,,,07251200 8911,,,,,,,,,,,
PLPHN16,,,,,,,OIL PASTELS 16 COLOR SET,,,,,,,,07251200 8942,,,,,,,,,,,
LIL5331015,,,,,,,LINEN CLOTH TAPE,,,,,,,,0992955 30088,,,,,,,,,,,
RC8591006,,,,,,,RVS OIL CLR 12 TUBE SET,,,,,,,,780804861686,,,,,,,,,,,
"9.7913.301.201.201.201.201.201.201.2010.578.99-2.494.596.694.692.252.9919.5712.19",,,,,,,,,,,,,,,,,,,,,,,,,,
"...._     •  ..., .., .      .... v  ....                                                                                                                      .lJCb\      ll.l_!Ll.Ull",,,,,,,,,,,,,,U.LV,,,,,".lV.l.Ul.\,.l",,,,,,,
YOKF2                                                                TRADITIONAL SUMI 2oz,,,,,,,,,,,,,INK,031248012739,,,,,5.25,,,,,,,
TE1103TT                                                           TESTORS 1/4 OZ RED,,,,,,,,,,,,,,075611110301,,,,,2.07,,,,,,,
TElll0TT                                                           TESTORS 1/4 OZ BLUE,,,,,,,,,,,,,,075611111001,,,,,2.07,,,,,,,
GR5588                                                               LINSEED  OIL 802.,,,,,,,,,,,,,,014173356222,,,,,m. 15,,,,,,,
"LQ5308 SG665617 LQ5108WA1682                         Prop65-WA1684                         Prop65 - LQ5008LQ5620  LQ5 320599 WN3230895 WN3221751 WN32 39748 SG667022 SG176396 SP3513 SP3378 LQ126804 MG42410 GB00090 GB00092 ELE304 GB10054 GB01004 GB10704 DEDA129 GD35505 GD30105DA160029538 ELKG585",,,,,,,,,,,,,,,,,,,,,,,,,,
GESSO WHITE 8OZ,,,,,,,,,,,,,,,094376923940,,,,6.29,,,,,,,
6 COLOR WASHBL PAINT,,,,,,,,,,,,,,,042229656170,,,,0.30,,,,,,,
MED MATTE MED 8OZ,,,,,,,,,,,,,,,094376923841,,,,(di 6.29,,,,,,,
ODORLESS TURPENOID,,,,,,,,,,,,,,,018918016822,,,,11-60,,,,,,,
ODORLESS TURPE NOID,,,,,,,,,,,,,,,018918016846,,,,20.60,,,,,,,
MED GLOSS MED & VARN,,,,,,,,,,,,,,,094376923797,,,,{;(16.29,,,,,,,
MED FLOW-AID 4OZ,,,,,,,,,,,,,,,094376924176,,,,10.99,,,,,,,
GESSO NEUTRAL GRAY 5,,,,,,,,,,,,,,,071662465995,,,,""" -.a6.29",,,,,,,
BRUSH  CLNR/RESTORER  4OZ,,,,,,,,,,,,,,,094376920222,,,,7.99,,,,,,,
LIQUIN ORIGINAL 75ML,,,,,,,,,,,,,,,884955016329,,,,9.99,,,,,,,
LI NSE ED  OIL REFIND  250ML,,,,,,,,,,,,,,,884955015919,,,,14_99,,,,,,,
FINGER PNT 4CLR SET  2oz,,,,,,,,,,,,,,,042229670220,,,,7.70,,,,,,,
TEMPERA WHITE 8OZ,,,,,,,,,,,,,,,042229763960,,,,3.05,,,,,,,
WIS BLOCK INK 2.5OZ GOLD,,,,,,,,,,,,,,,651032035135,,,,8.38,,,,,,,
SUPER BLK INDIA INK  16OZ,,,,,,,,,,,,,,,651032033780,,,,13.50,,,,,,,
FABRIC MEDIUM 40Z,,,,,,,,,,,,,,,094376926125,,,,10.99,,,,,,,
MG WALNUT OIL MED 40Z,,,,,,,,,,,,,,,766383424108,,,,11.09,,,,,,,
MD GAMSL 16.9OZ/500ML,,,,,,,,,,,,,,,729911000908,,,,6-00,,,,,,,
MD GAMSL 33.8OZ/1LITER,,,,,,,,,,,,,,,729911000922,,,,()2  4.00,,,,,,,
ELMERS SCHOOL GLUE  4 OZ,,,,,,,,,,,,,,,026000003049,,,,2.43,,,,,,,
GMV PC VN GL 4.2OZ/125ML,,,,,,,,,,,,,,,729911000540,,,,15.00,,,,,,,
GALKYD MED  4.2OZ/125ML,,,,,,,,,,,,,,,729911010044,,,,12.00,,,,,,,
GMV PC VN MT 4.2OZ/125ML,,,,,,,,,,,,,,,729911000748,,,,15.00,,,,,,,
ACRYLIC-TRUE  RED,,,,,,,,,,,,,,,016455229309,,,,2.28,,,,,,,
GESSO 8OZ,,,,,,,,,,,,,,,738797355057,,,,16.19,,,,,,,
MEDSOFTGELGLOSS8OZ,,,,,,,,,,,,,,,738797301054,,,,(1-16.99,,,,,,,
FW ACR INK 1oz   FLR PINK,,,,,,,,,,,,,,,50859672,,,,8-20,,,,,,,
KRAZY GLUE  CARDE D,,,,,,,,,,,,,,,07015800005 4,,,,2.40,,,,,,,
WFDME8,,,,,,,DRAW M EASY LIFE HEADS,,,,,,,,9781600580666,,,,9.95,,,,,,,
Y04337,,,,,,,YUZEN PASTEL ORIGAMI,,,,,,,,031248995599,,,,11.50,,,,,,,
SYS302370,,,,,,,SCULPEY 3 TRANQUILITY,,,,,,,,715891113462,,,,2.35,,,,,,,
SYASG33G,,,,,,,SCULPEY GLAZE GLOSSY,,,,,,,,715891130339,,,,3.89,,,,,,,
SP4308                                                                LINOLEUM  BLOCK 4X6                651032043086                              50,,,,,,,,,,,,,,,,,,,,,,,,,,
SP4100,,,,,,,SPEEDY-CARVE  KIT,,,,,,,,651032041006,,,,4.27,,,,,,,
SM105911,,,,,,,ATC CLEAR SLEEVES 5PK,,,,,,,,012017709111,,,,4.59,,,,,,,
3M6090,,,,,,,PHOTO MNT 4.23OZ,,,,,,,,021200964718,,,,9.10,,,,,,,
MTEX01490 l lM,,,,,,,94  R9011 BLACK,,,,,,,,8427744411367,,,,9.45,,,,,,,
3M6094,,,,,,,PHOTO MOUNT ADH 10.3OZ,,,,,,,,021200300707,,,,20.80,,,,,,,
KR1305,,,,,,,UV RESISTANT  CLR  GL 11oz,,,,,,,,724504013051,,,,14.25,,,,,,,
KR1306,,,,Prop65·,,,WORKABLE  AF FIXATIF 11oz,,,,,,,,724504013068,,,,13.45,,,,,,,
3M6090,,,,,,,PHOTO MNT 4.23OZ,,,,,,,,02120096 4718,,,,9.10,,,,,,,
MTEX0140189M,,,,,,,94  RV189 IP ANEMA YELLOW,,,,,,,,8427744411510,,,,9.45,,,,,,,
MTEX0145005M,,,,,,,94  R5005 DARK BLUE,,,,,,,,8427744411800,,,,9.45,,,,,,,
MTEX0140177M,,,,,,,94  RVl 77 ELDORADO,,,,,,,,8427744412470,,,,9.45,,,,,,,
MTEX0140167M,,,,,,,94  RV167 RIOJA RED,,,,,,,,8427744411930,,,,9.45,,,,,,,
MTEX0140160M,,,,,,,94  RV160 EUREKA BLUE,,,,,,,,8427744412227,,,,9.45,,,,,,,
MTEX0140156M,,,,,,,94  RV156 BARCELO NETA BL .,,,,,,,,8427744411220,,,,9.45,,,,,,,
MI6402,,,,,,,BALSA SHEET  1/16X4X36,,,,,,,,091157064021,,,,0.51,,,,,,,
RYRSETART3105,,,,,,,SMALL CLRVW SKETCH SET,,,,,,,,090672066190,,,,24.99,,,,,,,
3M6065,,,,,,,SPRAY MOUNT   10.25OZ.,,,,,,,,021200300608,,,,21.40,,,,,,,
MTEX0140144M,,,,,,,94  RV144 BALI GREEN,,,,,,,,8427744411190,,,,9.45,,,,,,,
MTEX0140129M,,,,,,,94  RV129  OREGANO GREEN,,,,,,,,8427744411152,,,,9.45,,,,,,,
WA1684,,,,Prop65·,,,ODORLESS TURPENOID,,,,,,,,018918016846,,,,20.60,,,,,,,
HU0010210,,,,,,,GOLD LEAF ADHESIVE 2oz,,,,,,,,081093002102,,,,5.30,,,,,,,
PCCS11301,,,,,,,MOD PODGE MATTE 8OZ,,,,,,,,028995113017,,,,6.37,,,,,,,
PCCS11302,,,,,,,MOD PODGE  MATTE 16OZ,,,,,,,,028995113024,,,,9.97,,,,,,,
PCCS11201,,,,,,,MOD PODGE GLOSS 8OZ,,,,,,,,028995112010,,,,6.37,,,,,,,
LQ104016,,,,,,,·BASICS GESSO 16OZ,,,,,,,,094376922943,,,,9.99,,,,,,,
TE1114TT,,,,,,,TESTORS 1/4 OZ YELLOW,,,,,,,,075611111407,,,,2.07,,,,,,,
LQ5104,,,,,,,MED MATTE  MED 4OZ,,,,,,,,094376923834,,,,10.99,,,,,,,
":::; Y:::;;j0l010                                                            SCULPEY3TRANSLUCENT        715891110102                            2.35SYS302513                                                         SCULPEY 3 PURPLE 2oz                715891115138                            2.35SYS302063                                                         SCULPEY 3 BLUE 2oz                     715891110638                            2.35SYS302083                                                         SCULPEY 3 RED 2oz                       715891110843                            2.35Sl\.1105185                                                           lOPK PHTO FRM DIECT                012017701856                          11.79YO4320                                                                ORIGAMI  PPR -THE WAVE            031248506382                            4.30YO4415                                                                ORIGAMI  PPR-HOLOGRAM          031248506474                            8.35VA18158                                                              CLAYTOON  COOL COLOR            031002181589                            3.89SYS3021209                                                       SCULPEY 3 BALLERINA  2oz        715891120927                            2.35YO4505                                                                ASSORTED  35 CLR ORIGAMI      031248506559                            3.80SM105160                                                           CARD FL  WHITE/DECKLE            012017701160                            9.953Ml08                                                                  REMOVABLE  MOUNTING            051131568754                            2.50SM105130                                                           CARD IVORY/DECKLE  XlO           012017701306                            9.95WFHT265                                                           HT BEGINNERS GUIDE W/C 1    9781560104537                         8.95YO4306                                                                YUZEN PATTERN SET                    031248506399                            5.20VA18165                                                              CLAYTOON EARTH COLOR         031002181657                            3.89SM105907                                                           ATC LW VELLUM ILLUS BD 5    012017709074                            3.15VA10116                                                              PLASTALINATER  COTTA lLB    031002101167                            3.69SM10512                                                             CARD PLM  BCH/PLAIN  X20         012017702013                          17.99SYS2                                                                    SCULPEY WHITE 1.75LB              715891112328                          13.95YO4312                                                                AUTHENTIC YUZEN                       031248999597                          10.40SYS302001                                                         SCULPEY  3 WHITE  2oz                  715891110010                            2.35SYS302072                                                          SCULPEY 3 YELLOW 2oz               715891110720                            2.353Ml37                                                                  DOUBLE  STK TAPEl/2 X450        021200010330                            4.41XAX3601                                                             #1  KNIFE W/SAFETY  CAP CD      079946360103                            5.24YO4251                                                               ASSORTED  COLOR ORIGAMI      031248506214                            7.303M209075A                                                         BL PNT MSK TP .70IN/18MM        051115036804                            4.79SP3470                                                                 BLOCK INK STARTER SET           651032034701                    g-  29.12UH99683                                                             UHUTAC 2.1oz                                648234996838                   .        3.45WFZTl                                                                 THE ART OF ZENTANGLE  BK    050283556015                          19.95WFHT356                                                            HOW TO DRAWING                         9781633227859                        10.95TR945TBLK                                                       APRON BLACK CA:t\TVAS               871658000595                          19.20",,,,,,,,,,,,,,,,,,,,,,,,,
,,,,,,,,,,,,,,,,,,,,,,,,,
SIS WC SYNTH ROUND 14,,,,,,,,,,,,,,,038372021514,,,,4.95,,,,,,
SIS WC SYNTH ROUND 12,,,,,,,,,,,,,,,038372021507,,,,4.95,,,,,,
SIS WC SYNTH ROUND 10,,,,,,,,,,,,,,,038372021491,,,,4.95,,,,,,
S/S WC SYNTH ROUND 1,,,,,,,,,,,,,,,038372021446,,,,4.95,,,,,,
BRUSH SET  GOLD TAK 7PCS,,,,,,,,,,,,,,,757063918680,,,,16.95,,,,,,
SIS WC POJ's'Y FLAT WSH 1/2,,,,,,,,,,,,,,,038372021620,,,,4.95,,,,,,
BRUSH SET  V.' HT TAK 5PCS,,,,,,,,,,,,,,,757063918697,,,,16.95,,,,,,
SIS WC SYN FLAT WASH 3/4,,,,,,,,,,,,,,,038372021576,,,,4.95,,,,,,
SELECT LUNAR BLDNER 1/8,,,,,,,,,,,,,,,757063375797,,,,4.95,,,,,,
SELECT MINI ROUND  2010,,,,,,,,,,,,,,,757063377258,,,,4.95,,,,,,
SIMPLY SIMMONS BRIGHT,,,,,,,,,,,,,,,038372014639,,,,4.95,,,,,,
SIMPLY SIMMONS ROUND  4,,,,,,,,,,,,,,,038372014660,,,,4.95,,,,,,
SIMPLY SIMMONS ROUND 8,,,,,,,,,,,,,,,038372014578,,,,4.95,,,,,,
SIMPLY SIMMONS ROUND 6,,,,,,,,,,,,,,,038372014561,,,,4.95,,,,,,
SIMPLY SIMMONS FLAT 10,,,,,,,,,,,,,,,038372014479,,,,4.95,,,,,,
SIMPLY SIMMONS LH FLAT 8,,,,,,,,,,,,,,,038372014462,,,,4.95,,,,,,
SIMPLY SIMMONS LH FLAT 6,,,,,,,,,,,,,,,038372014455,,,,4.95,,,,,,
SIMPLY SIMMONS FILBERT 6,,,,,,,,,,,,,,,038372014516,,,,4.95,,,,,,
SIMPLY SIMMONS ROUND 8,,,,,,,,,,,,,,,038372014677,,,,4.95,,,,,,
SELECT BRIST DOME  RNND,,,,,,,,,,,,,,,757063377166,,,,l6'5.50,,,,,,
SIMPLY SIMMONS  BRIGHT 6,,,,,,,,,,,,,,,038372014394,,,,4.95,,,,,,
SELECT SYNTHETIC  LINER 1,,,,,,,,,,,,,,,757063375261,,,,5.15,,,,,,
SELECT SYNTHETIC  LINER 0,,,,,,,,,,,,,,,757063375254,,,,5.05,,,,,,
SELECT FLAT SHADER 12,,,,,,,,,,,,,,,757063375193,,,,,,,,,,
SELECT FILBERT 16,,,,,,,,,,,,,,,757063377210,,,,14.75,,,,,,
SELECT DAGGER STRIP 1/4,,,,,,,,,,,,,,,757063375612,,,,7.75,,,,,,
SELECT NAT DEERFOOT 5/8,,,,,,,,,,,,,,,757063375452,,,,14.75,,,,,,
SELECT BLCK HAIR MOP 1/2,,,,,,,,,,,,,,,757063377333,,,,C?f 8.95,,,,,,
SELECTANGULARSHADR,,,,,,,,,,,,,,,757063377197,,,,14.65,,,,,,
SELECTANGULARSHADR,,,,,,,,,,,,,,,757063375049,,,,5.50,,,,,,
SELECT CHISEL BLENDER  6,,,,,,,,,,,,,,,757063375650,,,,5.75,,,,,,,
SELECT FLUF MINI MOP 1/4,,,,,,,,,,,,,,,757063377364,,,,5.50,,,,,,,
"RS255086014 RS255086012 RS255086010 RS255086001 PB9143 RS255059050 PB9144 RS255056075 PB3750LB012 PB3750MR200 RS255160012 RS255161004 RS255145008 RS255145006 RS255144010 RS255144008 RS255144006 RS255142006 RS255161008 PB3750BBL2 RS255141006 PB3750Ll PB3750L0 PB3750FS12 PB3750FB16 PB3750DG025 PB3750DF062 PB3750BM050 PB3750AS075 P B3750AS 025 PB3750CB6PB3750MM025",,,,,,,,,,,,,,,,,!  11.35,,,,,,,,,
,,,,,,,,,,,,,,,,,,,,,,,,,,
RS255261030 RS255410001 RS255400001 RS255300007 RS255300006 RS255286050 RS255269030 RS255268050 RS255267050 RS255500001 RS255141004 RS255142008 PB3950Wl00 PB9140 PB9137 PB9131 PB9130 PB9118 PB9117 PB9104 RS255261050 PB6500R2 PB9148 PB3950W075 PB3750RB12 PB3750R8 PB3750R6 PB3750R4 PB3750R3 PB37500M075 PB3750OM025 PB9100,,,,,,,,,,,,,,,,,,,,,,,,,,
,,,,,,,,,,,,,,,,,,,,,,,,,,
SIS XL STIFF SYN FLT  30,,,,,,,,,,,,,,,0383720158 34,,,,18.50,,,,,,,
SIS SYNTH LH BRUSH SET,,,,,,,,,,,,,,,038372015070,,,,13.95,,,,,,,
SIS WORK  HOUSE BRSH SET,,,,,,,,,,,,,,,038372019092,,,,12.95,,,,,,,
SIS TO THE POINT BSH SET,,,,,,,,,,,,,,,038372019177,,,,10.95,,,,,,,
S/S GRASS/GRAIN  BRSH SET,,,,,,,,,,,,,,,038372019160,,,,11.9.-S,,,,,,,
S/S XL STIFF SYN RND 50,,,,,,,,,,,,,,,038372015902,,,,23.50,,,,,,,
SIS XL NAT BRIST FLBT 30,,,,,,,,,,,,,,,038372015957,,,,18.50,,,,,,,
SIS XL STIFF SYN FLBT 50,,,,,,,,,,,,,,,038372015872,,,,23.50,,,,,,,
SIS XL SOFT SYN FLBT 50,,,,,,,,,,,,,,,038372015810,,,,23.50,,,,,,,
SIS EVERYTHING  BRSH SET,,,,,,,,,,,,,,,038372019122,,,,15.50,,,,,,,
SIMPLY SIMMONS   BRIGHT 4,,,,,,,,,,,,,,,038372014387,,,,4.95,,,,,,,
SIMPLY SIMMONS FILBERT 8,,,,,,,,,,,,,,,038372014523,,,,4.95,,,,,,,
VELVETOUCH  WASH 1 INCH,,,,,,,,,,,,,,,757063395467,,,,20.95,,,,,,,
BRUSH SET WHT TAK 6PCS,,,,,,,,,,,,,,,757063918666,,,,16.95,,,,,,,
BRUSH SET  LH GLD TAK 6PC,,,,,,,,,,,,,,,757063918642,,,,14.95,,,,,,,
BRUSH SET  LH BRISTLE  4PC,,,,,,,,,,,,,,,757063918604,,,,14.95,,,,,,,
BRUSH SET LH WHT TAK,,,,,,,,,,,,,,,757063918598,,,,14.95,,,,,,,
BRUSH SET LH BRISTLE 4PC,,,,,,,,,,,,,,,757063918536,,,,6.75,,,,,,,
BRUSH SET  WHT TAK 4PCS,,,,,,,,,,,,,,,757063918529,,,,6.75,,,,,,,
BRUSH SET  BRISTLE  FLTS 3,,,,,,,,,,,,,,,757063918475,,,,4.50,,,,,,,
SIS XL STIFF SYN FLT  50,,,,,,,,,,,,,,,038372015841,,,,23.50,,,,,,,
ASPEN ROUND  2,,,,,,,,,,,,,,,757063650252,,,,12.45,,,,,,,
BRUSH SET  LH BRSTL 6PC,,,,,,,,,,,,,,,757063918727,,,,16.95,,,,,,,
VELVETOUCH  WASH  3/4,,,,,,,,,,,,,,,757063395450,,,,17.50,,,,,,,
SELECT ROUND BLENDER,,,,,,,,,,,,,,,757063375544,,,,(;)12.95,,,,,,,
SELECT SYNTHETIC ROUND,,,,,,,,,,,,,,,757063375407,,,,7.75,,,,,,,
SELECT SYNTHETIC  ROUND,,,,,,,,,,,,,,,757063375391,,,,"5,e5",,,,,,,
SELECT SYNTHETIC  ROUND,,,,,,,,,,,,,,,757063375377,,,,5.35,,,,,,,
SELECT SYNTHETIC ROUND,,,,,,,,,,,,,,,757063375360,,,,5.25,,,,,,,
SELECT WAVE OVAL MOP 3/4,,,,,,,,,,,,,,,757063375513,,,,12.95,,,,,,,
SELECT WAVE OVAL MOP 1/4,,,,,,,,,,,,,,,757063375490,,,,6.75,,,,,,,
BRUSH SET CAMEL RNDS,,,,,,,,,,,,,,,757063918444,,,,4.50,,,,,,,
"4.4913.212.190.4513.9911.991.151.5910.498.4920.254.454.454.454.454.454.454.454.454.454.4'5•4.454.454.454.454.454.e512.9516.5016.5015.5015.50",,,,,,,,,,,,,,,,,,,,,,,,,,
,,,,,,,,,,,,,,,,,,,,,,,,,,
BS574401,,,,,,,MODEL MAGIC WHITE  4OZ,,,,,,,,071662544010,,,,,,,,,,,
DT16000,,,,,,,16CLR OVAL WIC TAG SET,,,,,,,,072067160003,,,,,,,,,,,
"DC118143KF912GY",,,,,,,PLASTIC CLAY TOOL SET 7P FELT 9X12 GREY,,,,,,,,082676341236,,,,,,,,,,,
JAJAC9515,,,,,,,JAGUA NAT TEMP TATOO,,,,,,,,743772031154,,,,,,,,,,,
JAJAC9510,,,,,,,GLITTER BODY ART KIT,,,,,,,,743772024859,,,,,,,,,,,
BS080313,,,,,,,SILLY PUTTY ORIGINAL CDD,,,,,,,,071662203139,,,,,,,,,,,
BS080315,,,,,,,SILLY PUTTY BRIGHTS  CDD,,,,,,,,071662203153,,,,,,,,,,,
AB83805,,,,,,,LIFT OUT TRAY BOX 131N,,,,,,,,071617838058,,,,,,,,,,,
AB8010AB,,,,,,,QUICK VIEW TRANS 10.5IN,,,,,,,,071617080105,,,,,,,,,,,
AC1316,,,,,,,ALUMICUTTER 36IN SILVER,,,,,,,,647020131613,,,,,,,,,,,
RS255060012,,,,,,,SIMPLY SIMMONS SHADER,,,,,,,,038372018514,,,,,,,,,,,
RS255085012,,,,,,,SIMPLY SIMMONS ROUND 12,,,,,,,,038372019610,,,,,,,,,,,
RS255085004,,,,,,,SIMPLY SIMMONS ROUND 4,,,,,,,,038372019702,,,,,,,,,,,
RS255085003,,,,,,,SIMPLY SIMMONS ROUND 3,,,,,,,,038372018644,,,,,,,,,,,
RS255085001,,,,,,,SIMPLY SIMMONS ROUND 1,,,,,,,,038372018637,,,,,,,,,,,
RS255081095,,,,,,,SIMPLY SIMMONS SPOT 510,,,,,,,,038372018613,,,,,,,,,,,
RS255081090,,,,,,,SIMPLY SIMMONS SPOT 1010,,,,,,,,038372019580,,,,,,,,,,,
RS255067006,,,,,,,SIMPLY SIMMONS FILBERT 6,,,,,,,,038372018538,,,,,,,,,,,
RS255060014,,,,,,,SIMPLY SIMMONS SHADER,,,,,,,,038372019437,,,,,,,,,,,
RS255060008,,,,,,,SIMPLY SIMMONS SHADER 8,,,,,,,,038372018491,,,,,,,,,,,
RS255055100,,,,,,,SIMPLY SIMMONS WASH 1,,,,,,,,038372018408,,,,,,,,,,,
RS255055050,,,,,,,SIMPLY SIMMONS  WASH 1/2,,,,,,,,038372018385,,,,,,,,,,,
RS255051002,,,,,,,SIMPLY SIMMONS LINER 2,,,,,,,,038372018378,,,,,,,,,,,
RS255047001,,,,,,,SIMPLY SIMMONS SH FAN 1,,,,,,,,038372019337,,,,,,,,,,,
RS255067004,,,,,,,SIMPLY SIMMONS FILBERT 4,,,,,,,,038372018521,,,,,,,,,,,
RS255141010,,,,,,,SIMPLY SIMMONS BRIGHT,,,,,,,,038372014417,,,,,,,,,,,
RS255400006,,,,,,,SIS ALL THE ANGLES SET,,,,,,,,038372019214,,,,,,,,,,,
RS255510001,,,,,,,SIS SYNTH LH BRUSH SET,,,,,,,,038372015094,,,,,,,,,,,
RS255500010,,,,,,,SIS  NATISYNT WC BRSH SET,,,,,,,,038372021828,,,,,,,,,,,
RS255500006,,,,,,,SIS PURE SPRING WIC SET,,,,,,,,038372019252,,,,,,,,,,,
RS255500002,,,,,,,SIS GO-TO BRUSH SET,,,,,,,,038372019139,,,,,,,,,,,
"23.195.99\y-5-'554.55((   26.95(d2 6.9510.8611.994.797.858.59\:)6.337.8512.952.796.185.301.594.2911.994.503.5916.078.798.799.693.990.896.793.254.65o.. 9_55",,,,,,,,,,,,,,,,,,,,,,,,,,
,,,,,,,,,,,,,,,,,,,,,,,,,,
RC8693356,,,,,,,GOUACHE  CLR 24X IOML SET,,,,,,,,780804861853,,,,,,,,,,,
RCll72072,,,,,,,FACE PNT STICK 6CLR BOYS,,,,,,,,766416496669,,,,,,,,,,,
YONOP6M,,,,,,,NIJI OIL PASTEL MTL 6CLR,,,,,,,,031248991331,,,,,,,,,,,
LC4142602484,,,,,,,CRAFT STICKS 150PC,,,,,,,,089241213585,,,,,,,,,,,
NW00241,,,,,,,WHITE GLASS PALETTE  9Xl2,,,,,,,,853089004397,,,,,,,,,,,
NW00141,,,,,,,GREY GLASS PALETTE 9X12,,,,,,,,853089004359,,,,,,,,,,,
HU0010204,,,,,,,COMP GOLD  LEAF SHT 25PK,,,,,,,,081093002041,,,,,,,,,,,
JAJAC9500,,,,,,,MEHNDI HENNA KIT,,,,,,,,743772950042,,,,,,,,,,,
HX13012,,,,,,,SSCORKBACKRULERlfilN,,,,,,,,079252130124,,,,,,,,,,,
DT00311,,,,,,,DAS TERRA COTTA 1. lLB,,,,,,,,8000144043002,,,,,,,,,,,
ABKV501,,,,,,,STORCRAFT PNCL/MRKR,,,,,,,,071617681609,,,,,,,,,,,
GXKSF6C,,,,,,,SHRINK FILM CLEAR 6/PK,,,,,,,,096701136827,,,,,,,,,,,
DT00310,,,,,,,DAS WHITE CLAY 1.lLB,,,,,,,,8000144074112,,,,,,,,,,,
DT00316,,,,,,,DAS WHITE  CLAY 2.2LB,,,,,,,,8000144074105,,,,,,,,,,,
GXRCPU,,,,,,,RUBBER  CEMENT PICK UP,,,,,,,,096701116713,,,,,,,,,,,
GXKMS4,,,,,,,STENCIL FILM MT 9Xl2 4PK,,,,,,,,096701129591,,,,,,,,,,,
FPGM160,,,,Prop65·,,,MINI HI·TEMP GLUE GUN,,,,,,,,018239001606,,,,,,,,,,,
BS080315,,,,,,,SILLY PUTTY BRIGHTS  CDD,,,,,,,,071662203153,,,,,,,,,,,
BS587722,,,,,,,MARKERS  CLASSIC BRD,,,,,,,,071662077228,,,,,,,,,,,
JAJAC9444,,,,,,,FUNK GROV TRAD TYE DY,,,,,,,,743772944409,,,,,,,,,,,
BS684302,,,,,,,WATERCOLOR  PNCL 12CLR,,,,,,,,071662006273,,,,,,,,,,,
HX18803,,,,,,,PROTRACTOR  COMPASS SET,,,,,,,,079252188033,,,,,,,,,,,
HU0010201,,,,,,,GOLD LEAF KIT,,,,,,,,081093002010,,,,,,,,,,,
BS201997,,,,,,,ACRYLIC PNT 6CLR 2oz  SET,,,,,,,,071662319977,,,,,,,,,,,
BS545000,,,,,,,WSH KID METL PNT 6CLR ST,,,,,,,,071662650001,,,,,,,,,,,
BS520096,,,,,,,CRAYONS 96 COLOR  BOX,,,,,,,,071662000967,,,,,,,,,,,
BS512016,,,,,,,SIDEWALK  CHALK 16 PCS,,,,,,,,071662612160,,,,,,,,,,,
BS510816,,,,,,,CHALK ASSORTED 12,,,,,,,,071662008161,,,,,,,,,,,
DT00S0O,,,,,,,8CLR OVAL W/C TAG SET,,,,,,,,072067008008,,,,,,,,,,,
BS684012,,,,,,,COLORED  PENCIL 12 LONGS,,,,,,,,071662040123,,,,,,,,,,,
DT80515,,,,,,,8CLR WSHABLE  GLIT W/C ST,,,,,,,,072067805157,,,,,,,,,,,
CHFA171506,,,,,,,KOHINOOR W/C WHEEL,,,,,,,,014173333599,,,,,,,,,,,
":::;M45711                                                             RECYCLE SKETCH PAD                012017457111                         20.95SM4553                                                               SKETCH PAD 9 X 12                        012017455094                         15.25SM31016                                                             CANVAS PAD 300 SER  16X20       01201739""8162                         27A9PP54751                                                              4PLY PSTRBRD  RED                       045173547518                           0.79SM37011                                                             TRACING  PAD 11 X 14                    012017395116                            9.39SM360111                                                           W/C PAD 11Xl5 TAPE BOUND     012017372117                         12.49SM46019                                                             VISUAL MIX MED 9Xl2  PD         012017460197                            9.9 9SM46019                                                             VISUAL MIX MED 9X12  PD         012017460197                         19.99SM46055                                                             VISUAL WC 5.5 X 8  PAD                012017460555                         10.49SM4779                                                                COLOR  PENCIL PAD 9X12            012017621093                         12.59SM3429                                                                BRISTOL PAD 9X12 SMOOTH      012017365096                         10.69SM27140                                                             lO0SER BRT CNSTRCTN 8Xll     012017271403                           6.95SM27109                                                             l00SER DRAWING  PAD 9Xl2      012017271090                            4.35SM445109                                                           400 ARTIGAN PAD BLK 9Xl2      012017444098                           0.39IAIA1211                                                          ART PRO PRES BOOK 11Xl4       075633906159                         20.75LI4734070                                                           DAVY BOARD  70PT 15X20 4P       099295532792                  ·'(\-\ 21.00SM34512                                                             BRSTL SHT  22X28 VELLUM         012017367120                            2.69IANV1420BK                                                     ART ENVELOPE  14.5INX20IN     075633904728                         14.25BF901120                                                            FMBD BK/BK 3/16 - 20X30             079946138467                            5.36BF900105                                                            FMBD WHITE 3/16 - 24X36            079946074826                            4.60BF950109                                                            FMBD WHT 3/16- 20X30 UPC        079946129960                            3.15BF900130                                                            FMBD WHITE 1/8 - 32X40                                                                    5.35DA481550811                                                    SKETCHBOOK  EW 8.5Xll WB     5011386074498                         8.00DA481550811                                                    SKETCHBOOK  EW 8.5Xll WB     5011386074498                       18.00DA481150508                                                    SKETCHBOOK  EW 5_5X8.5 HB    5011386074443                 e)..n.ooDA481500811                                                    WIREBND SKETCHBK 8.5Xl1     9780737631395                        18.00DA481500811                                                     WIREBND SKETCHBK 8.5Xl1     9780737631395                   Q: 18  .00DA481500811                                                     WIREBND SKETCHBK 8.5Xl1     9780737631395                     ()' 8.00DA481500508                                                     WIREBND SKETCHBK  5.5X8.5    9780737631388                       11.00DA481500508                                                     WIREBND SKETCHBK  5.5X8.5    9780737631388                       11.00CN200041380                                                     COLORLINE  19X25 CAN YLW     3148950413802                          2.05CN200041384                                                     COLORLINE  19X25                          3148950413840                          2.05",,,,,,,,,,,,,,,,,,,,,,,,,,
,,,,,,,,,,,,,,,,,,,,,,,,,,
"K Y:L,80W K::iM",,,,,,,ZJ!;N  WC ROUND  WASH,,,,,,,090672081896,,,,,,,,,4.19,,,
RYZ83W34,,,,,,,ZEN WC WASH 3/4,,,,,,,090672081933,,,,,,,,,5.19,,,
RYZ83R4,,,,,,,ZEN WC ROUND  4,,,,,,,090672082022,,,,,,,,,3.09,,,
RYZ83Rl4,,,,,,,ZEN WC ROUND 14,,,,,,,090672082060,,,,,,,,,4.19,,,
RYZ83P012,,,,,,,ZEN WC POINTED OVAL 1/2,,,,,,,090672081988,,,,,,,,,5.1-9,,,
RYZ73WO1,,,,,,,ZEN ALL MED OVL WASH 1,,,,,,,090672081438,,,,,,,,,6.2'9,,,
SA38283,,,,,,,SHARPIE  CHISEL TIP-RED,,,,,,,071641382831,,,,,,,,,1.73,,,
RYZ63T2,,,,,,,ZEN WHT BRST LH FILBRT 2,,,,,,,090672082459,,,,,,,,,3.99,,,
TF49118,,,,,,,DIXIE PRO 30X40 1- 3 /8,,,,,,,081702491181,,,,,,,,,119.70,,,
3M7902,,,,,,,BANNER   PAPER ROLL 30Xl5,,,,,,,051131605411,,,,,,,,,3.03,,,
WN6224109,,,,,,,ART CANVAS  BOARDS 9Xl2,,,,,,,' 094376968453,,,,,,,,,\  \K5.45,,,
WN6224109,,,,,,,ART CANVAS BOARDS 9Xl2,,,,,,,094376968453,,,,,/,,,,5.45,,,
SM342114,,,,,,,100# BRISTOL PAD 14Xl7,,,,,,,012017366147,,,,,,,,,'   22.19,,,
SM342119,,,,,,,100# BRISTOL PAD 19X24,,,,,,,012017366192,,,,,,,,,36.79,,,
SM342119,,,,,,,100# BRISTOL PAD 19X24,,,,,,,012017366192,,,,,,,,,36.79,,,
PP103030,,,,,,,50PK CNST PP R-R ED-9Xl  2,,,,,,,084001030303,,,,,,,,,3.49,,,
HU0010304,,,,,,,GESSOED ART BOARD 8Xl0,,,,,,,081093003048,,,,,,,,,3.66,,,
SM4776,,,,,,,COLOR PENCIL PAD 6X8,,,,,,,012017621062,,,,,,,,,5.85,,,
SM3506,,,,,,,SKETCH PADS 5.5X8.5,,,,,,,012017350061,,,,,,,,,7.95,,,
SM33311,,,,,,,LTWT PRNTMKING PAD,,,,,,,012017333118,,,,,,,,,15 .59,,,
SM27150,,,,,,,lO0SER BLK CHLK PAD 9Xl2,,,,,,,012017271502,,,,,,,,,6.59,,,
SM25151,,,,,,,LEARN PNT  W/C BASIC 9Xl2,,,,,,,012017251511,,,,,,,,,14.99,,,
SM25050,,,,,,,LEARN DRAW ANIMALS 9X12,,,,,,,012017250507,,,,,,,,,14.79,,,
SM46015,,,,,,,VISUAL MIX MED 5.5X 8 PD,,,,,,,012017460159,,,,,,,,,11.49,,,
GL880912,,,,,,,FLUID WC BLOCK 9X12 C/P,,,,,,,696844809123,,,,,,,,,Q.16.59,,,
GL880068,,,,,,,FLUID WC BLOCK 6 X 8 C/P,,,,,,,696844800687,,,,,,,,,9.66,,,
GL850068,,,,,,,FLUID WC BLOCK 6X8 HP,,,,,,,696844850682,,,,,,,,,(}9 .6 6,,,
GL35529                                                              QUAT JRNL GR 2.5X3:.:  8/8           696844355293                              .45,,,,,,,,,,,,,,,,,,,,,,,,,,
GL35520,,,,,,,QUAT JRNL LINED 5.  X3.5,,,,,,,,696844355200,,,,0.41,,,,,,,
WN6224258,,,,,,,ART CANVAS BOARDS 8Xl0,,,,,,,,094376968446,,,,4.40,,,,,,,
WN6224258,,,,,,,ART CA:t\TVAS BOARDS 8Xl0,,,,,,,,094376968446,,,,0.40,,,,,,,
SM45711,,,,,,,RECYCLE SKETCH PAD,,,,,,,,012017457111,,,,20.95,,,,,,,